{
  "indexes": [
    {
      "collectionGroup": "messages",
      "queryScope": "COLLECTION",
      "fields": [
        {
          "fieldPath": "user_ref",
          "order": "ASCENDING"
        },
        {
          "fieldPath": "created_by",
          "order": "DESCENDING"
        }
      ]
    },
    {
      "collectionGroup": "visits",
      "queryScope": "COLLECTION",
      "fields": [
        {
          "fieldPath": "user_ref",
          "order": "ASCENDING"
        },
        {
          "fieldPath": "created_at",
          "order": "DESCENDING"
        }
      ]
    }
  ]
}