{
  "project_info": {
    "project_number": "428939713167",
    "project_id": "park-and-drive",
    "storage_bucket": "park-and-drive.appspot.com"
  },
  "client": [
    {
      "client_info": {
        "mobilesdk_app_id": "1:428939713167:android:1ca01d36ff89ea5beeeefa",
        "android_client_info": {
          "package_name": "com.mainstream.fireparkingcompanion2"
        }
      },
      "oauth_client": [],
      "api_key": [
        {
          "current_key": "AIzaSyCBdzd9_JBwo-KZKbWsdezFNAlLAhPM7lA"
        }
      ],
      "services": {
        "appinvite_service": {
          "other_platform_oauth_client": []
        }
      }
    }
  ],
  "configuration_version": "1"
}